,"Labor force participation rate, female (% of female population ages 15+) (modeled ILO estimate)","Labor force participation rate, male (% of male population ages 15+) (modeled ILO estimate)","Unemployment, female (% of female labor force) (modeled ILO estimate)","Unemployment, male (% of male labor force) (modeled ILO estimate)","Literacy rate, adult female (% of females ages 15 and above)","Literacy rate, adult male (% of males ages 15 and above)","Rural population, female (% of total)","Rural population, male (% of total)","Urban population, female (% of total)","Urban population, male (% of total)",GDP per capita (in USD),Population size
Egypt,15.123,68.253,15.927,4.992,67.38999939,78.77999878,28.01690553,28.84801549,21.7670531,21.36802588,"4,295.40","110,990,103"
Ethiopia,75.027,86.195,5.277,2.911,44.42338181,59.24145889,40.1528168,40.37516929,9.823937256,9.648076651,"1,027.60","123,379,924"
Ghana,65.297,72.444,4.048,3.699,76.19000244,84.48999786,22.78302761,23.17583843,27.52640356,26.51473041,"2,175.90","33,475,870"
Kenya,72.723,76.058,5.799,5.209,79.84999847,85.48000336,37.53235363,36.84570793,12.58636548,13.03557295,"2,099.30","54,027,487"
Morocco,21.436,69.699,12.347,9.924,67.37999725,84.80999756,19.91517936,19.88867291,30.54426577,29.65188196,"3,527.90","37,457,971"
Rwanda,48.584,61.756,14.311,11.897,73.30000305,78.69999695,38.08834178,33.10000805,13.05012471,15.76152546,966.3,"13,776,698"
Nigeria,52.088,65.539,5.489,5.973,52.65647888,71.25570679,26.24997276,25.97371461,22.82153833,24.95477431,"2,184.40","218,541,212"
South Africa,50.608,63.565,31.426,28.398,94.53317261,95.54537201,18.65325656,16.54639946,32.74882225,32.05152172,"6,776.50","59,893,885"