{"type":"Topology","arcs":[[[1905,1854],[143,-91],[-168,-164],[23,-178],[43,-94],[-44,-174]],[[1902,1153],[84,-132]],[[1986,1021],[-86,-95]],[[1900,926],[-237,50],[-1,-143]],[[1662,833],[-259,-38],[-38,25],[-62,-31],[-99,0],[-129,-109],[-149,66],[-21,-229],[-46,-22],[-129,139],[-110,-73],[-125,73],[-46,-234]],[[449,400],[-62,-40],[41,-217]],[[428,143],[-55,5],[-36,16],[-34,23],[-38,32],[-36,37],[-57,28],[-42,43],[-14,23],[0,38],[0,33],[-10,29],[-12,26],[-5,20],[4,29],[0,38],[-26,39],[1,54],[5,54],[-7,36],[-62,64],[-4,4],[84,73],[188,-23],[52,135],[169,-26],[29,30],[208,20],[-17,159],[153,168],[0,43],[168,42],[0,167]],[[1034,1602],[84,137],[96,-70],[95,70],[154,-121],[-1,-43],[218,182],[3,34],[222,63]],[[1900,926],[0,-71],[174,-131]],[[2074,724],[-85,-140]],[[1989,584],[187,-121],[-16,-87],[-16,-33],[-22,-11],[-18,-1],[-77,-19],[-54,-6],[-47,7],[-68,18],[-52,4],[-61,13],[-67,-14],[-55,16]],[[1623,350],[60,254],[-18,61],[19,65],[-22,103]],[[1950,2333],[59,25],[152,-274],[43,3],[25,41],[205,-42],[49,-92],[197,115],[108,-189],[92,-19],[23,-9],[20,-31],[0,-30],[-24,-141],[47,-80],[11,-43],[198,-179],[-122,-142],[-1,-40],[-206,-182],[67,-88],[-24,-164],[-120,-19],[-44,-172],[-16,-18],[-10,-35],[-2,-40],[17,-47],[17,-46],[13,-37],[-12,-22],[-25,-14],[-44,-7],[-35,8],[-28,17],[-34,35],[-36,15],[-42,20],[-26,28],[-32,14],[-52,21],[-24,23],[-32,40],[-27,10],[-38,-1],[-33,-24],[-28,-58],[-187,121]],[[2074,724],[-174,131],[0,71]],[[1986,1021],[0,0],[-84,132]],[[1905,1854],[16,188],[46,24],[-17,267]],[[1623,350],[0,0],[-22,-14],[-19,-7],[-19,1],[-19,7],[-16,9],[-16,14],[-25,12],[-29,13],[-28,13],[-31,-1],[-19,6],[-36,11],[-27,-3],[-22,-18],[-17,-13],[-25,-11],[-43,-4],[-26,4],[-34,7],[-38,-2],[-18,-8],[-15,-22],[2,-35],[-3,-37],[13,-44],[15,-30],[10,-22],[4,-15],[-2,-23],[-18,-25],[-68,-73],[-43,-26],[-52,-14],[-47,5],[-31,25],[-44,23],[-53,18],[-79,-1],[-24,2],[-62,35],[-39,19],[-26,9],[-46,-9],[-27,10],[-31,7]],[[428,143],[-41,217],[62,40]],[[1034,1602],[-122,79],[51,174],[-42,29],[-58,2],[-64,67],[10,111],[-147,69],[61,94],[33,35],[25,19],[33,14],[27,8],[31,-3],[18,-8],[21,0],[16,8],[13,9],[19,8],[18,5],[23,4],[21,4],[38,8],[20,4],[17,8],[16,11],[15,9],[22,6],[19,3],[23,-5],[15,-1],[33,8],[16,6],[18,9],[19,14],[16,14],[14,9],[14,10],[16,12],[20,12],[25,14],[25,21],[22,15],[11,8],[9,7],[40,-30],[49,-182],[102,-2],[91,-44],[124,89],[66,-20],[14,-10]]],"transform":{"scale":[0.004874406927677778,0.0046444942107153496],"translate":[-15.063106658214028,-10.04106058595703]},"objects":{"MD_Provinces_FINAL":{"type":"GeometryCollection","geometries":[{"arcs":[[0,1,2,3,4,5,6,7]],"type":"Polygon","properties":{"id":0,"province":"hawassa","town":null}},{"arcs":[[8,9,10,11,-4]],"type":"Polygon","properties":{"id":1,"province":"amanzi","town":null}},{"arcs":[[12,-10,13,-3,14,-1,15]],"type":"Polygon","properties":{"id":2,"province":"Kilimani","town":null}},{"arcs":[[16,17,-5,-12]],"type":"Polygon","properties":{"id":4,"province":"Akatsi","town":null}},{"arcs":[[-8,18,-16]],"type":"Polygon","properties":{"id":5,"province":"Sokoto","town":null}}]}}}